25749,124
25749,1304
25749,1370
25749,1372
25749,3382
25749,10652
25749,10808
25749,11262
25749,16358
25749,30500
25749,32496
25749,33886
25749,35732
25749,35846
25749,42132
25749,44302
25749,48574
25749,49888
25749,50270
25749,50272
25749,50274
25749,50720
25749,54096
25749,55798
25749,56484
25749,56696
25749,56714
25749,59396
25749,59822
25749,60522
25749,60978
25749,61364
25749,61542
25749,61552
25749,61672
25749,62170
25749,62274
25749,62376
25749,62378
25749,62618
25749,63186
25749,63188
25749,63510
60864,1304
60864,1370
60864,10652
60864,11262
60864,16358
60864,33534
60864,33886
60864,35732
60864,35846
60864,56484
60864,56696
60864,56714
60864,59822
60864,61364
60864,61542
60864,61552
60864,62170
60864,62376
60864,62378
60864,63188
60888,1304
60888,1370
60888,1372
60888,10652
60888,10808
60888,11262
60888,30500
60888,33886
60888,35732
60888,44302
60888,48574
60888,49888
60888,54096
60888,56484
60888,56696
60888,56714
60888,59822
60888,60978
60888,61364
60888,61542
60888,61672
60888,62170
60888,62376
60888,62378
60888,63188
60888,63510
61305,11262
61629,11262
61902,11262
61977,11262
61977,56714
61977,61542
63582,11262
63582,56714
63582,61542
63867,1304
63867,1370
63867,11262
63867,56714
63867,59822
63867,61542
63867,62376
63873,11262
64218,11262
64764,11262
64845,11262
65640,1304
65640,1370
65640,10652
65640,11262
65640,30500
65640,33886
65640,35732
65640,48574
65640,56484
65640,56696
65640,56714
65640,59822
65640,60978
65640,61542
65640,61672
65640,62376
65640,62378
65640,63510
66378,1304
66378,1370
66378,11262
66378,30500
66378,33886
66378,35732
66378,44302
66378,48574
66378,49888
66378,56484
66378,56696
66378,56714
66378,59822
66378,60978
66378,61542
66378,62376
66378,62378
66378,63510
66465,1304
66465,1370
66465,11262
66465,30500
66465,33886
66465,35732
66465,48574
66465,56484
66465,56696
66465,56714
66465,59822
66465,61542
66465,62376
66465,62378
66918,11262
66924,1370
66924,11262
66924,56714
66924,62376
67740,11262
68496,1304
68496,1370
68496,10652
68496,11262
68496,30500
68496,33886
68496,35732
68496,48574
68496,56484
68496,56696
68496,56714
68496,59822
68496,61542
68496,61672
68496,62376
68496,62378
72312,11262
72312,56714
72918,1304
72918,1370
72918,10652
72918,11262
72918,30500
72918,33886
72918,35732
72918,48574
72918,56484
72918,56696
72918,56714
72918,59822
72918,61542
72918,61672
72918,62376
72918,62378
72930,124
72930,1304
72930,1370
72930,1372
72930,10652
72930,10808
72930,11262
72930,16358
72930,30500
72930,32496
72930,33886
72930,35732
72930,35846
72930,42132
72930,44302
72930,48574
72930,49888
72930,50270
72930,50272
72930,50274
72930,50720
72930,54096
72930,55798
72930,56484
72930,56696
72930,56714
72930,59396
72930,59822
72930,60522
72930,60978
72930,61364
72930,61542
72930,61552
72930,61672
72930,62170
72930,62274
72930,62376
72930,62378
72930,62400
72930,62618
72930,63186
72930,63188
72930,63510
88920,1304
88920,1370
88920,1372
88920,10808
88920,11262
88920,30500
88920,33886
88920,35732
88920,48574
88920,56484
88920,56696
88920,56714
88920,59822
88920,60978
88920,61364
88920,61542
88920,62170
88920,62376
88920,62378
88920,63188
88920,63510
89013,11262
128526,124
128526,1304
128526,1370
128526,1372
128526,10652
128526,10808
128526,11262
128526,16358
128526,30500
128526,33886
128526,35732
128526,44302
128526,48574
128526,49888
128526,54096
128526,56484
128526,56696
128526,56714
128526,59822
128526,60978
128526,61364
128526,61542
128526,61672
128526,62170
128526,62376
128526,62378
128526,63188
128526,63510
128538,1304
128538,1370
128538,1372
128538,10652
128538,10808
128538,11262
128538,30500
128538,33886
128538,44302
128538,48574
128538,49888
128538,50274
128538,56484
128538,56714
128538,59822
128538,60978
128538,61364
128538,61542
128538,61672
128538,62170
128538,62376
128538,62378
128538,63188
128538,63510
128604,1304
128604,1370
128604,1372
128604,10808
128604,11262
128604,30500
128604,33886
128604,48574
128604,56484
128604,56714
128604,59822
128604,61364
128604,61542
128604,62170
128604,62376
128604,62378
128604,63188
128685,11262
129204,1304
129204,11262
129204,56714
129204,59822
129204,61542
140277,1370
140277,11262
140277,62376
153024,11262
153084,1304
153084,1370
153084,1372
153084,10808
153084,11262
153084,30500
153084,33886
153084,35732
153084,48574
153084,56484
153084,56714
153084,59822
153084,60978
153084,61364
153084,61542
153084,62170
153084,62376
153084,62378
153084,63188
153138,1304
153138,1370
153138,11262
153138,30500
153138,33886
153138,35732
153138,56484
153138,56696
153138,56714
153138,59822
153138,61542
153138,62376
153141,11262
153141,56714
153288,1370
153288,62376
153303,124
153303,1304
153303,1370
153303,1372
153303,10652
153303,10808
153303,11262
153303,16358
153303,30500
153303,33886
153303,35732
153303,35846
153303,44302
153303,48574
153303,49888
153303,50270
153303,50274
153303,54096
153303,55798
153303,56484
153303,56696
153303,56714
153303,59396
153303,59822
153303,60978
153303,61364
153303,61542
153303,61552
153303,61672
153303,62170
153303,62274
153303,62376
153303,62378
153303,62618
153303,63188
153303,63510
153381,1304
153381,1370
153381,1372
153381,10652
153381,10808
153381,11262
153381,30500
153381,33886
153381,35732
153381,48574
153381,56484
153381,56696
153381,56714
153381,59822
153381,60978
153381,61364
153381,61542
153381,61672
153381,62170
153381,62376
153381,62378
153381,63188
153381,63510
153402,1370
153402,11262
153402,62376
153645,11262
153645,56714
153669,11262
153756,1304
153756,1370
153756,10652
153756,11262
153756,30500
153756,33886
153756,35732
153756,48574
153756,56484
153756,56696
153756,56714
153756,59822
153756,61542
153756,61672
153756,62376
153756,62378
153765,1370
153765,11262
153765,62376
153885,1304
153885,1370
153885,1372
153885,10652
153885,10808
153885,11262
153885,30500
153885,33886
153885,35732
153885,48574
153885,56484
153885,56696
153885,56714
153885,59822
153885,60978
153885,61364
153885,61542
153885,61672
153885,62170
153885,62376
153885,62378
153885,63188
153885,63510
154032,1304
154032,1370
154032,1372
154032,10808
154032,11262
154032,16358
154032,30500
154032,33886
154032,35732
154032,35846
154032,48574
154032,56484
154032,56696
154032,56714
154032,59822
154032,60978
154032,61364
154032,61542
154032,61552
154032,61672
154032,62170
154032,62376
154032,62378
154032,63188
154113,1304
154113,1370
154113,11262
154113,56714
154113,59822
154113,61542
154113,62376
154146,1304
154146,1370
154146,1372
154146,10808
154146,11262
154146,35732
154146,48574
154146,56696
154146,56714
154146,59822
154146,61364
154146,61542
154146,62170
154146,62376
154146,62378
154146,63188
154275,1304
154275,1370
154275,1372
154275,10808
154275,11262
154275,30500
154275,33886
154275,48574
154275,56484
154275,56696
154275,56714
154275,59822
154275,60978
154275,61364
154275,61542
154275,62170
154275,62376
154275,62378
154275,63188
154275,63510
154473,1304
154473,1370
154473,11262
154473,56714
154473,59822
154473,61542
154473,62376
154518,11262
154707,124
154707,1304
154707,1370
154707,1372
154707,10652
154707,10808
154707,11262
154707,16358
154707,30500
154707,33886
154707,35732
154707,44302
154707,48574
154707,49888
154707,54096
154707,56484
154707,56696
154707,56714
154707,59822
154707,60978
154707,61364
154707,61542
154707,61672
154707,62170
154707,62376
154707,62378
154707,63188
154707,63510
154743,1304
154743,1370
154743,1372
154743,10808
154743,11262
154743,48574
154743,56714
154743,59822
154743,61364
154743,61542
154743,62170
154743,62376
154743,62378
154743,63188
154770,1304
154770,1370
154770,1372
154770,10808
154770,11262
154770,35732
154770,48574
154770,56714
154770,59822
154770,61364
154770,61542
154770,62170
154770,62376
154770,62378
154770,63188
154797,124
154797,1304
154797,1370
154797,1372
154797,10652
154797,10808
154797,11262
154797,16358
154797,30500
154797,33886
154797,35732
154797,44302
154797,48574
154797,49888
154797,50274
154797,54096
154797,56484
154797,56696
154797,56714
154797,59822
154797,60978
154797,61364
154797,61542
154797,61672
154797,62170
154797,62376
154797,62378
154797,63188
154797,63510
154803,1304
154803,1370
154803,1372
154803,10652
154803,10808
154803,11262
154803,30500
154803,33886
154803,35732
154803,48574
154803,56484
154803,56696
154803,56714
154803,59822
154803,61364
154803,61542
154803,61672
154803,62170
154803,62376
154803,62378
154803,63188
154821,1370
154821,11262
154821,62376
154887,1304
154887,1370
154887,11262
154887,56714
154887,59822
154887,61542
154887,62376
154998,11262
155052,11262
155085,1304
155085,1370
155085,10652
155085,11262
155085,35732
155085,56696
155085,56714
155085,59822
155085,61542
155085,61672
155085,62376
155097,1304
155097,1370
155097,1372
155097,10652
155097,10808
155097,11262
155097,16358
155097,30500
155097,33886
155097,35732
155097,56484
155097,56696
155097,56714
155097,59822
155097,61364
155097,61542
155097,61672
155097,62170
155097,62376
155097,63188
155337,11262
155337,62376
155388,1370
155388,11262
155388,62376
155403,11262
155556,1304
155556,1370
155556,11262
155556,30500
155556,33886
155556,48574
155556,56484
155556,56696
155556,56714
155556,59822
155556,61542
155556,62376
155556,62378
157185,1304
157185,1370
157185,11262
157185,30500
157185,33886
157185,35732
157185,48574
157185,56484
157185,56714
157185,59822
157185,61542
157185,62376
157185,62378
157767,1304
157767,1370
157767,11262
157767,30500
157767,33886
157767,48574
157767,56484
157767,56714
157767,59822
157767,61542
157767,62376
157767,62378
158274,1304
158274,1370
158274,11262
158274,56714
158274,59822
158274,62376
159033,1304
159033,1370
159033,1372
159033,10808
159033,11262
159033,30500
159033,33886
159033,48574
159033,56484
159033,56696
159033,56714
159033,59822
159033,61364
159033,61542
159033,62170
159033,62376
159033,62378
159033,63188
161058,1304
161058,11262
161058,56714
161058,59822
161058,62376
161403,1304
161403,1370
161403,11262
161403,56714
161403,59822
161403,61542
161403,62376
162624,11262
162810,124
162810,1304
162810,1370
162810,1372
162810,3382
162810,10652
162810,10808
162810,11262
162810,16358
162810,30500
162810,33886
162810,35732
162810,35846
162810,36720
162810,36722
162810,36762
162810,42132
162810,44302
162810,48574
162810,49888
162810,50270
162810,50272
162810,50274
162810,54096
162810,54290
162810,55798
162810,56484
162810,56696
162810,56714
162810,59396
162810,59822
162810,60522
162810,60978
162810,61364
162810,61542
162810,61552
162810,61672
162810,62170
162810,62274
162810,62376
162810,62378
162810,62618
162810,63186
162810,63188
162810,63510
162957,11262
162957,56714
162957,62376
163131,124
163131,1304
163131,1370
163131,1372
163131,10652
163131,10808
163131,11262
163131,16358
163131,30500
163131,33886
163131,35732
163131,35846
163131,44302
163131,48574
163131,49888
163131,50270
163131,50274
163131,54096
163131,55798
163131,56484
163131,56696
163131,56714
163131,59396
163131,59822
163131,60978
163131,61364
163131,61542
163131,61552
163131,61672
163131,62170
163131,62274
163131,62376
163131,62378
163131,62618
163131,63188
163131,63510
163251,11262
163377,1370
163377,11262
163377,56714
163377,62376
163554,50274
164007,1304
164007,1370
164007,11262
164007,35732
164007,56696
164007,56714
164007,59822
164007,61542
164007,62376
164064,1304
164064,1370
164064,1372
164064,10652
164064,10808
164064,11262
164064,30500
164064,33886
164064,35732
164064,48574
164064,56484
164064,56696
164064,56714
164064,59822
164064,60978
164064,61364
164064,61542
164064,61672
164064,62170
164064,62376
164064,62378
164064,63188
164064,63510
164640,11262
165684,1370
165684,11262
165684,62376
165717,1304
165717,1370
165717,10652
165717,11262
165717,16358
165717,30500
165717,33534
165717,33886
165717,35732
165717,35846
165717,48574
165717,56484
165717,56696
165717,56714
165717,59822
165717,61542
165717,61552
165717,61672
165717,62376
165717,62378
165762,1304
165762,1370
165762,11262
165762,16358
165762,35846
165762,56714
165762,59822
165762,61542
165762,61552
165762,62376
165786,11262
166002,1304
166002,1370
166002,10652
166002,11262
166002,30500
166002,33886
166002,35732
166002,48574
166002,56484
166002,56696
166002,56714
166002,59822
166002,60978
166002,61542
166002,61672
166002,62376
166002,62378
166002,63510
166029,1370
166029,11262
166029,56714
166029,62376
166437,1304
166437,1370
166437,1372
166437,10808
166437,11262
166437,30500
166437,33886
166437,48574
166437,56484
166437,56714
166437,59822
166437,60978
166437,61364
166437,61542
166437,62170
166437,62376
166437,62378
166437,63188
166437,63510
166599,11262
167256,1370
167256,11262
167256,62376
167451,1304
167451,1370
167451,1372
167451,10652
167451,10808
167451,11262
167451,30500
167451,33886
167451,35732
167451,48574
167451,56484
167451,56696
167451,56714
167451,59822
167451,60978
167451,61364
167451,61542
167451,61672
167451,62170
167451,62376
167451,62378
167451,63188
167451,63510
172503,1304
172503,1370
172503,11262
172503,30500
172503,33886
172503,35732
172503,48574
172503,56484
172503,56696
172503,56714
172503,59822
172503,60978
172503,61364
172503,61542
172503,62170
172503,62376
172503,62378
172503,63510
173667,11262
173796,1370
173796,11262
173796,62376
174468,124
174468,1304
174468,1370
174468,1372
174468,10652
174468,10808
174468,11262
174468,16358
174468,30500
174468,33886
174468,35732
174468,35846
174468,44302
174468,48574
174468,49888
174468,50274
174468,54096
174468,56484
174468,56696
174468,56714
174468,59822
174468,60978
174468,61364
174468,61542
174468,61552
174468,61672
174468,62170
174468,62376
174468,62378
174468,63188
174468,63510
175266,1304
175266,1370
175266,1372
175266,10808
175266,11262
175266,30500
175266,33886
175266,35732
175266,48574
175266,56484
175266,56696
175266,56714
175266,59822
175266,60978
175266,61364
175266,61542
175266,62170
175266,62376
175266,62378
175266,63188
175266,63510
175878,1304
175878,1370
175878,11262
175878,56714
175878,59822
175878,61542
175878,62376
176577,11262
176607,11262
177903,1304
177903,1370
177903,11262
177903,56714
177903,59822
177903,62376
177951,11262
178068,11262
178230,1304
178230,1370
178230,11262
178230,56714
178230,59822
178230,61542
178230,62376
178257,1304
178257,1370
178257,11262
178257,30500
178257,33886
178257,35732
178257,56484
178257,56696
178257,56714
178257,59822
178257,61542
178257,62376
178761,11262
179838,1304
179838,1370
179838,10652
179838,11262
179838,16358
179838,30500
179838,33534
179838,33886
179838,35732
179838,35846
179838,48574
179838,56484
179838,56696
179838,56714
179838,59822
179838,61542
179838,61552
179838,61672
179838,62376
179838,62378
180471,1370
180471,11262
180471,62376
181149,1304
181149,1370
181149,11262
181149,30500
181149,33886
181149,48574
181149,56484
181149,56696
181149,56714
181149,59822
181149,61542
181149,62376
181149,62378
181662,1304
181662,1370
181662,1372
181662,10808
181662,11262
181662,30500
181662,33886
181662,35732
181662,48574
181662,56484
181662,56696
181662,56714
181662,59822
181662,61364
181662,61542
181662,62170
181662,62376
181662,62378
181662,63188
182292,1304
182292,1370
182292,1372
182292,10652
182292,10808
182292,11262
182292,30500
182292,33886
182292,35732
182292,48574
182292,56484
182292,56696
182292,56714
182292,59822
182292,60978
182292,61364
182292,61542
182292,61672
182292,62170
182292,62376
182292,62378
182292,63188
182292,63510
182295,1304
182295,1370
182295,11262
182295,56714
182295,59822
182295,61542
182295,62376
182556,11262
182565,124
182565,1304
182565,1370
182565,1372
182565,10652
182565,10808
182565,11262
182565,16358
182565,30500
182565,33886
182565,35732
182565,35846
182565,44302
182565,48574
182565,49888
182565,50270
182565,50274
182565,54096
182565,55798
182565,56484
182565,56696
182565,56714
182565,59396
182565,59822
182565,60978
182565,61364
182565,61542
182565,61552
182565,61672
182565,62170
182565,62274
182565,62376
182565,62378
182565,62618
182565,63188
182565,63510
183105,124
183105,1304
183105,1370
183105,1372
183105,3382
183105,10652
183105,10808
183105,11262
183105,16358
183105,30500
183105,32496
183105,33534
183105,33886
183105,35732
183105,35846
183105,36720
183105,36722
183105,36762
183105,42132
183105,44302
183105,48298
183105,48574
183105,49888
183105,50270
183105,50272
183105,50274
183105,50720
183105,51974
183105,53386
183105,54096
183105,54290
183105,55798
183105,56484
183105,56696
183105,56714
183105,59396
183105,59822
183105,60522
183105,60978
183105,61280
183105,61348
183105,61364
183105,61542
183105,61552
183105,61672
183105,62170
183105,62274
183105,62376
183105,62378
183105,62400
183105,62616
183105,62618
183105,63186
183105,63188
183105,63510
183576,11262
183576,56714
183666,11262
183672,1304
183672,1370
183672,11262
183672,56714
183672,59822
183672,61542
183672,62376
183789,1304
183789,1370
183789,1372
183789,10652
183789,10808
183789,11262
183789,30500
183789,33886
183789,35732
183789,48574
183789,56484
183789,56696
183789,56714
183789,59822
183789,61364
183789,61542
183789,61672
183789,62170
183789,62376
183789,62378
183789,63188
184713,1304
184713,1370
184713,11262
184713,16358
184713,30500
184713,33886
184713,35732
184713,35846
184713,56484
184713,56696
184713,56714
184713,59822
184713,61542
184713,61552
184713,62376
184950,1304
184950,1370
184950,10652
184950,11262
184950,30500
184950,33886
184950,35732
184950,56484
184950,56696
184950,56714
184950,59822
184950,61542
184950,61672
184950,62376
186078,1304
186078,1370
186078,1372
186078,10652
186078,10808
186078,11262
186078,30500
186078,33886
186078,35732
186078,48574
186078,56484
186078,56696
186078,56714
186078,59822
186078,61364
186078,61542
186078,61672
186078,62170
186078,62376
186078,62378
186078,63188
186174,124
186174,1304
186174,1370
186174,1372
186174,3382
186174,10652
186174,10808
186174,11262
186174,16358
186174,30500
186174,33534
186174,33886
186174,35732
186174,35846
186174,36720
186174,36722
186174,36762
186174,42132
186174,44302
186174,48574
186174,49888
186174,50270
186174,50272
186174,50274
186174,51974
186174,54096
186174,55798
186174,56484
186174,56696
186174,56714
186174,59396
186174,59822
186174,60522
186174,60978
186174,61280
186174,61364
186174,61542
186174,61552
186174,61672
186174,62170
186174,62274
186174,62376
186174,62378
186174,62616
186174,62618
186174,63186
186174,63188
186174,63510
186447,11262
186990,1304
186990,1370
186990,1372
186990,10652
186990,10808
186990,11262
186990,30500
186990,33886
186990,35732
186990,48574
186990,56484
186990,56696
186990,56714
186990,59822
186990,60978
186990,61364
186990,61542
186990,61672
186990,62170
186990,62376
186990,62378
186990,63188
186990,63510
187101,1304
187101,1370
187101,1372
187101,10652
187101,10808
187101,11262
187101,30500
187101,33886
187101,35732
187101,44302
187101,48574
187101,49888
187101,56484
187101,56696
187101,56714
187101,59822
187101,60978
187101,61364
187101,61542
187101,61672
187101,62170
187101,62376
187101,62378
187101,63188
187101,63510
187659,1370
187659,11262
187659,56714
187743,1304
187743,1370
187743,1372
187743,10808
187743,11262
187743,30500
187743,33886
187743,48574
187743,56484
187743,56696
187743,56714
187743,59822
187743,61364
187743,61542
187743,62170
187743,62376
187743,62378
187743,63188
187797,1304
187797,1370
187797,1372
187797,10652
187797,10808
187797,11262
187797,30500
187797,33886
187797,35732
187797,48574
187797,56484
187797,56696
187797,56714
187797,59822
187797,60978
187797,61364
187797,61542
187797,61672
187797,62170
187797,62376
187797,62378
187797,63188
187797,63510
187875,11262
187962,1370
187962,11262
187962,56714
187962,62376
188196,1304
188196,1370
188196,11262
188196,61542
188196,62376
188265,11262
188343,11262
188604,11262
188604,62376
188637,1304
188637,1370
188637,10652
188637,11262
188637,30500
188637,33886
188637,35732
188637,48574
188637,56484
188637,56696
188637,56714
188637,59822
188637,61542
188637,61672
188637,62376
188637,62378
188700,1304
188700,1370
188700,11262
188700,16358
188700,56714
188700,59822
188700,61542
188700,61552
188700,62376
188844,1304
188844,1370
188844,10652
188844,11262
188844,30500
188844,33886
188844,35732
188844,48574
188844,56484
188844,56696
188844,56714
188844,59822
188844,60978
188844,61542
188844,61672
188844,62376
188844,62378
188844,63510
188847,11262
188853,11262
188853,56714
189009,11262
189045,1304
189045,1370
189045,1372
189045,10808
189045,11262
189045,30500
189045,33886
189045,35732
189045,48574
189045,56484
189045,56696
189045,56714
189045,59822
189045,60978
189045,61364
189045,61542
189045,62170
189045,62376
189045,62378
189045,63188
189045,63510
190776,11262
190776,30500
190776,33886
190776,56484
190776,56714
191223,11262
191229,11262
191229,56714
191232,124
191232,1304
191232,1370
191232,1372
191232,10652
191232,10808
191232,11262
191232,16358
191232,30500
191232,33886
191232,35732
191232,35846
191232,44302
191232,48574
191232,49888
191232,50270
191232,50274
191232,55798
191232,56484
191232,56696
191232,56714
191232,59396
191232,59822
191232,60978
191232,61364
191232,61542
191232,61552
191232,61672
191232,62170
191232,62274
191232,62376
191232,62378
191232,62618
191232,63188
191232,63510
191316,56714
191451,11262
192300,1304
192300,1370
192300,1372
192300,10652
192300,10808
192300,11262
192300,30500
192300,33886
192300,35732
192300,48574
192300,56484
192300,56696
192300,56714
192300,59822
192300,60978
192300,61364
192300,61542
192300,61672
192300,62170
192300,62376
192300,62378
192300,63188
192300,63510
192549,50274
192549,56714
192627,1370
192627,11262
192627,62376
192714,1370
192714,11262
192714,56714
192714,62376
192717,11262
192768,11262
192942,1304
192942,1370
192942,11262
192942,30500
192942,33886
192942,48574
192942,56484
192942,56714
192942,59822
192942,61542
192942,62376
192942,62378
194208,1304
194208,1370
194208,11262
194208,30500
194208,33886
194208,56484
194208,56714
194208,59822
194208,61542
194208,62376
194424,11262
194790,1304
194790,1370
194790,10652
194790,11262
194790,35732
194790,56696
194790,56714
194790,59822
194790,61542
194790,61672
194790,62376
194883,1304
194883,1370
194883,11262
194883,30500
194883,33886
194883,48574
194883,56484
194883,56714
194883,59822
194883,61542
194883,62376
194883,62378
195372,11262
195378,11262
195582,1370
195582,56714
195723,1304
195723,1370
195723,10652
195723,11262
195723,30500
195723,33886
195723,35732
195723,44302
195723,48574
195723,49888
195723,56484
195723,56696
195723,56714
195723,59822
195723,60978
195723,61542
195723,61672
195723,62376
195723,62378
195723,63510
196455,11262
196722,1304
196722,1370
196722,11262
196722,56714
196722,59822
196722,61542
196722,62376
197799,1304
197799,11262
197799,56714
197799,59822
197802,10652
197802,11262
197802,30500
197802,33886
197802,35732
197802,44302
197802,49888
197802,50274
197802,56484
197802,56696
197802,56714
197802,60978
197802,63510
198210,1304
198210,1370
198210,11262
198210,30500
198210,33886
198210,48574
198210,56484
198210,56714
198210,59822
198210,60978
198210,61364
198210,61542
198210,62170
198210,62376
198210,62378
198210,63188
198210,63510
198279,1304
198279,1370
198279,11262
198279,30500
198279,33886
198279,35732
198279,48574
198279,56484
198279,56696
198279,56714
198279,59822
198279,61542
198279,62376
198279,62378
198522,11262
198534,1370
198534,11262
198573,1304
198573,1370
198573,1372
198573,10652
198573,10808
198573,11262
198573,30500
198573,33886
198573,35732
198573,44302
198573,48574
198573,49888
198573,56484
198573,56696
198573,56714
198573,59822
198573,60978
198573,61364
198573,61542
198573,61672
198573,62170
198573,62376
198573,62378
198573,63188
198573,63510
198792,11262
198882,1304
198882,1370
198882,1372
198882,10652
198882,10808
198882,11262
198882,30500
198882,33886
198882,35732
198882,35846
198882,44302
198882,48574
198882,49888
198882,50270
198882,50274
198882,55798
198882,56484
198882,56696
198882,56714
198882,59396
198882,59822
198882,60978
198882,61364
198882,61542
198882,61552
198882,61672
198882,62170
198882,62274
198882,62376
198882,62378
198882,62618
198882,63188
198882,63510
199854,1304
199854,1370
199854,1372
199854,10652
199854,10808
199854,11262
199854,30500
199854,33886
199854,35732
199854,44302
199854,48574
199854,49888
199854,56484
199854,56696
199854,56714
199854,59822
199854,60978
199854,61364
199854,61542
199854,61672
199854,62170
199854,62376
199854,62378
199854,63188
199854,63510
201837,1304
201837,11262
201837,56714
201837,59822
201837,61542
203082,11262
203082,62376
203088,1370
203088,11262
203088,56714
203088,62376
203142,1304
203142,1370
203142,11262
203142,56714
203142,59822
203142,62376
203175,1370
203175,11262
203175,56714
203175,62376
203256,1304
203256,1370
203256,11262
203256,48574
203256,56714
203256,59822
203256,60978
203256,61542
203256,62376
203256,62378
203256,63510
203268,1304
203268,1370
203268,11262
203268,35732
203268,56714
203268,59822
203268,61542
203268,62376
203268,62378
203274,1370
203274,11262
203274,56714
203274,62376
203328,11262
203328,56714
203328,61542
203445,1304
203445,1370
203445,11262
203445,56714
203445,59822
203445,61542
203445,62376
203460,1304
203460,1370
203460,11262
203460,48574
203460,56714
203460,59822
203460,60978
203460,61542
203460,62376
203460,62378
203460,63510
203466,1370
203466,56714
203466,62376
203532,1304
203532,11262
203532,56714
203532,59822
203532,61542
203574,1304
203574,1370
203574,11262
203574,30500
203574,33886
203574,35732
203574,48574
203574,56484
203574,56696
203574,56714
203574,59822
203574,60978
203574,61542
203574,62376
203574,62378
203574,63510
203709,1304
203709,11262
203709,56714
203709,59822
203709,61542
203775,1370
203775,62376
203784,1370
203784,11262
203784,62376
203790,1304
203790,1370
203790,11262
203790,56714
203790,59822
203790,61542
203790,62376
203868,1304
203868,1370
203868,11262
203868,56714
203868,59822
203868,61542
203868,62376
203871,11262
204057,1304
204057,1370
204057,11262
204057,56714
204057,59822
204057,61542
204057,62376
204141,1304
204141,1370
204141,11262
204141,33534
204141,56714
204141,59822
204141,61542
204141,62376
204189,124
204189,1304
204189,1370
204189,1372
204189,10652
204189,10808
204189,11262
204189,16358
204189,30500
204189,33886
204189,35732
204189,35846
204189,36720
204189,36722
204189,36762
204189,42132
204189,44302
204189,48298
204189,48574
204189,49888
204189,50270
204189,50272
204189,50274
204189,51974
204189,53386
204189,54096
204189,54290
204189,55798
204189,56484
204189,56696
204189,56714
204189,59396
204189,59822
204189,60522
204189,60978
204189,61348
204189,61364
204189,61542
204189,61552
204189,61672
204189,62170
204189,62274
204189,62376
204189,62378
204189,62618
204189,63186
204189,63188
204189,63510
204222,1304
204222,1370
204222,11262
204222,30500
204222,33886
204222,35732
204222,56484
204222,56696
204222,56714
204222,59822
204222,61542
204222,62376
204276,11262
204276,62376
204375,1304
204375,1370
204375,11262
204375,16358
204375,30500
204375,33886
204375,35732
204375,48574
204375,56484
204375,56696
204375,56714
204375,59822
204375,61542
204375,62376
204375,62378
204519,1304
204519,1370
204519,1372
204519,10652
204519,10808
204519,11262
204519,30500
204519,33886
204519,35732
204519,48574
204519,56484
204519,56696
204519,56714
204519,59822
204519,60978
204519,61364
204519,61542
204519,61672
204519,62170
204519,62376
204519,62378
204519,63188
204519,63510
204522,1370
204522,11262
204657,124
204657,1304
204657,1370
204657,1372
204657,10652
204657,10808
204657,11262
204657,16358
204657,30500
204657,33886
204657,35732
204657,44302
204657,48574
204657,49888
204657,54096
204657,56484
204657,56696
204657,56714
204657,59822
204657,60978
204657,61364
204657,61542
204657,61552
204657,61672
204657,62170
204657,62376
204657,62378
204657,63188
204657,63510
204762,1304
204762,1370
204762,11262
204762,35732
204762,48574
204762,56484
204762,56696
204762,56714
204762,59822
204762,61542
204762,62376
204762,62378
205188,11262
205191,1304
205191,1370
205191,10652
205191,11262
205191,30500
205191,33886
205191,35732
205191,48574
205191,56484
205191,56696
205191,56714
205191,59822
205191,60978
205191,61542
205191,62376
205191,62378
205191,63510
205332,11262
205332,62376
205659,1304
205659,1370
205659,10652
205659,11262
205659,30500
205659,33886
205659,35732
205659,48574
205659,56484
205659,56696
205659,56714
205659,59822
205659,60978
205659,61542
205659,61672
205659,62376
205659,62378
205659,63510
205662,1304
205662,1370
205662,11262
205662,30500
205662,33886
205662,35732
205662,48574
205662,56484
205662,56696
205662,56714
205662,59822
205662,60978
205662,61542
205662,62376
205662,62378
205662,63510
205665,11262
205812,1304
205812,1370
205812,11262
205812,56714
205812,59822
205812,61542
205812,62376
205959,1304
205959,1370
205959,1372
205959,10652
205959,10808
205959,11262
205959,30500
205959,33886
205959,35732
205959,48574
205959,56484
205959,56696
205959,56714
205959,59822
205959,60978
205959,61364
205959,61542
205959,61672
205959,62170
205959,62376
205959,62378
205959,63188
205959,63510
206412,1304
206412,1370
206412,11262
206412,30500
206412,33886
206412,56484
206412,56714
206412,59822
206412,61542
206412,62376
206415,1304
206415,1370
206415,1372
206415,10808
206415,11262
206415,30500
206415,33886
206415,35732
206415,35846
206415,48574
206415,56484
206415,56696
206415,56714
206415,59822
206415,60978
206415,61364
206415,61542
206415,61552
206415,62170
206415,62376
206415,62378
206415,63188
206427,1304
206427,1370
206427,11262
206427,30500
206427,33886
206427,35732
206427,48574
206427,56484
206427,56696
206427,56714
206427,59822
206427,61542
206427,62376
206427,62378
206448,1304
206448,11262
206448,56714
206448,59822
206457,11262
206481,1304
206481,11262
206481,56714
206481,59822
206481,61542
206484,1304
206484,1370
206484,1372
206484,10808
206484,11262
206484,30500
206484,33886
206484,35846
206484,56484
206484,56696
206484,56714
206484,59822
206484,61364
206484,61542
206484,61552
206484,62376
206613,11262
206613,56714
206625,1304
206625,11262
206625,30500
206625,56714
206625,59822
206625,61542
206664,1304
206664,1370
206664,11262
206664,30500
206664,33886
206664,35732
206664,35846
206664,48574
206664,56484
206664,56696
206664,56714
206664,59822
206664,61542
206664,61552
206664,62376
206664,62378
206667,1304
206667,1370
206667,11262
206667,30500
206667,33886
206667,35732
206667,48574
206667,56484
206667,56696
206667,56714
206667,59822
206667,60978
206667,61364
206667,61542
206667,61552
206667,62170
206667,62376
206667,62378
206667,63510
206745,1304
206745,1370
206745,11262
206745,30500
206745,33886
206745,35732
206745,48574
206745,56484
206745,56696
206745,56714
206745,59822
206745,61364
206745,61542
206745,61552
206745,62376
206745,62378
206748,124
206748,1304
206748,1370
206748,1372
206748,3382
206748,10652
206748,10808
206748,11262
206748,16358
206748,30500
206748,32496
206748,33534
206748,33886
206748,35732
206748,35846
206748,36720
206748,36722
206748,36762
206748,42132
206748,44302
206748,48574
206748,49888
206748,50270
206748,50272
206748,50274
206748,50720
206748,51974
206748,54096
206748,54290
206748,55798
206748,56484
206748,56696
206748,56714
206748,59396
206748,59822
206748,60522
206748,60978
206748,61280
206748,61348
206748,61364
206748,61542
206748,61552
206748,61672
206748,62170
206748,62274
206748,62376
206748,62378
206748,62400
206748,62616
206748,62618
206748,63186
206748,63188
206748,63510
206772,1304
206772,1370
206772,11262
206772,30500
206772,33886
206772,35732
206772,48574
206772,56484
206772,56696
206772,56714
206772,59822
206772,60978
206772,61542
206772,62376
206772,62378
206772,63510
206787,1304
206787,11262
206787,56714
206787,59822
206787,61542
206823,1304
206823,1370
206823,11262
206823,30500
206823,33886
206823,35732
206823,35846
206823,48574
206823,56484
206823,56696
206823,56714
206823,59822
206823,61542
206823,62376
206823,62378
206838,1304
206838,11262
206838,56714
206838,59822
206838,61542
206868,124
206868,1304
206868,1370
206868,1372
206868,10808
206868,11262
206868,30500
206868,33886
206868,35732
206868,35846
206868,44302
206868,48574
206868,49888
206868,54096
206868,56484
206868,56714
206868,59822
206868,60978
206868,61364
206868,61542
206868,61552
206868,61672
206868,62170
206868,62376
206868,62378
206868,63188
206868,63510
206937,11262
206937,30500
206937,33886
206937,56714
206940,124
206940,1304
206940,1370
206940,1372
206940,10652
206940,10808
206940,11262
206940,30500
206940,33886
206940,35732
206940,35846
206940,42132
206940,44302
206940,48574
206940,49888
206940,50274
206940,54096
206940,55798
206940,56484
206940,56696
206940,56714
206940,59822
206940,60978
206940,61364
206940,61542
206940,61552
206940,61672
206940,62170
206940,62376
206940,62378
206940,62618
206940,63186
206940,63188
206940,63510
206952,124
206952,1304
206952,1370
206952,1372
206952,3382
206952,10652
206952,10808
206952,11262
206952,16358
206952,30500
206952,33534
206952,33886
206952,35732
206952,35846
206952,36720
206952,36722
206952,36762
206952,42132
206952,44302
206952,48574
206952,49888
206952,50270
206952,50272
206952,50274
206952,51974
206952,54096
206952,55798
206952,56484
206952,56696
206952,56714
206952,59396
206952,59822
206952,60522
206952,60978
206952,61348
206952,61364
206952,61542
206952,61552
206952,61672
206952,62170
206952,62274
206952,62376
206952,62378
206952,62400
206952,62618
206952,63186
206952,63188
206952,63510
206979,1304
206979,1370
206979,1372
206979,10808
206979,11262
206979,30500
206979,33886
206979,35732
206979,35846
206979,44302
206979,48574
206979,49888
206979,56484
206979,56696
206979,56714
206979,59822
206979,60978
206979,61364
206979,61542
206979,61552
206979,62170
206979,62376
206979,62378
206979,63188
206979,63510
207099,11262
207147,11262
207243,1370
207243,11262
207243,56714
207243,62376
207330,1304
207330,1370
207330,11262
207330,16358
207330,33534
207330,35846
207330,59822
207330,61542
207330,61552
207330,62376
207339,1304
207339,1370
207339,1372
207339,10808
207339,11262
207339,30500
207339,33886
207339,35846
207339,42132
207339,48574
207339,49888
207339,55798
207339,56484
207339,56696
207339,56714
207339,59396
207339,59822
207339,60978
207339,61542
207339,62170
207339,62274
207339,62376
207339,62378
207339,62618
207339,63186
207339,63188
207339,63510
207390,1304
207390,11262
207390,56714
207390,59822
207390,61542
207465,11262
207465,30500
207465,33886
207465,50274
207465,56484
207465,56714
207597,11262
207618,1304
207618,1370
207618,1372
207618,10652
207618,10808
207618,11262
207618,30500
207618,33886
207618,35732
207618,48574
207618,56484
207618,56696
207618,56714
207618,59822
207618,60978
207618,61364
207618,61542
207618,61672
207618,62170
207618,62376
207618,62378
207618,63188
207618,63510
207927,11262
207999,1304
207999,1370
207999,11262
207999,30500
207999,33886
207999,56484
207999,56714
207999,59822
207999,61542
207999,62376
208068,11262
208068,62376
208080,11262
208092,11262
208347,1370
208347,11262
208347,56714
208347,62376
208350,1304
208350,1370
208350,11262
208350,56714
208350,59822
208350,61542
208350,62376
208479,11262
208500,11262
208503,11262
208506,11262
208506,56714
208521,11262
208521,56714
208533,11262
208533,56714
208536,1304
208536,11262
208536,56714
208536,59822
208584,11262
208599,1304
208599,1370
208599,10652
208599,11262
208599,30500
208599,33886
208599,35732
208599,35846
208599,48574
208599,56484
208599,56696
208599,56714
208599,59822
208599,60978
208599,61542
208599,61552
208599,61672
208599,62376
208599,62378
208599,63510
208617,11262
208617,56714
208797,11262
208797,56714
208806,1304
208806,1370
208806,11262
208806,30500
208806,33886
208806,35732
208806,35846
208806,48574
208806,56484
208806,56696
208806,56714
208806,59822
208806,60978
208806,61542
208806,62376
208806,62378
208806,63510
208899,1304
208899,11262
208899,56714
208899,59822
208899,61542
209094,11262
209154,11262
209184,11262
209796,1370
209796,11262
209796,56714
209796,62376
209976,1304
209976,1370
209976,10652
209976,11262
209976,30500
209976,33886
209976,35732
209976,56484
209976,56696
209976,56714
209976,59822
209976,61542
209976,61672
209976,62376
210168,1304
210168,1370
210168,1372
210168,10652
210168,10808
210168,11262
210168,16358
210168,30500
210168,33886
210168,35732
210168,44302
210168,48574
210168,49888
210168,56484
210168,56696
210168,56714
210168,59822
210168,60978
210168,61364
210168,61542
210168,61672
210168,62170
210168,62376
210168,62378
210168,63188
210168,63510
210234,124
210234,1304
210234,1370
210234,1372
210234,10652
210234,10808
210234,11262
210234,30500
210234,33886
210234,35732
210234,35846
210234,44302
210234,48574
210234,49888
210234,50274
210234,54096
210234,56484
210234,56696
210234,56714
210234,59822
210234,60978
210234,61364
210234,61542
210234,61552
210234,61672
210234,62170
210234,62376
210234,62378
210234,63188
210234,63510
210627,1304
210627,1370
210627,11262
210627,48574
210627,56714
210627,59822
210627,60978
210627,61542
210627,62376
210627,62378
210627,63510
210690,1304
210690,11262
210690,48574
210690,56714
210690,59822
210690,60978
210690,61542
210690,62378
210816,1370
210816,11262
210816,56714
210846,1304
210846,1370
210846,11262
210846,30500
210846,33886
210846,35732
210846,48574
210846,56484
210846,56696
210846,56714
210846,59822
210846,60978
210846,61542
210846,62376
210846,62378
210846,63510
210981,1304
210981,1370
210981,11262
210981,30500
210981,33886
210981,35732
210981,56484
210981,56696
210981,56714
210981,59822
210981,61542
210981,62376
211140,60
211140,1370
211140,1372
211140,10808
211140,30500
211140,33886
211140,36720
211140,36722
211140,36762
211140,42132
211140,44302
211140,48574
211140,49888
211140,50274
211140,51316
211140,54096
211140,56484
211140,56714
211140,60978
211140,61364
211140,62170
211140,62376
211140,62378
211140,63186
211140,63188
211140,63510
211236,11262
211386,11262
211407,1304
211407,1370
211407,11262
211407,30500
211407,33886
211407,56484
211407,56714
211407,59822
211407,61542
211407,62376
211524,1304
211524,1370
211524,1372
211524,10652
211524,10808
211524,11262
211524,30500
211524,33886
211524,35732
211524,35846
211524,42132
211524,44302
211524,48574
211524,49888
211524,50274
211524,54096
211524,56484
211524,56696
211524,56714
211524,59822
211524,60978
211524,61364
211524,61542
211524,61552
211524,61672
211524,62170
211524,62376
211524,62378
211524,63186
211524,63188
211524,63510
211638,11262
211638,56714
211641,11262
211812,11262
212337,1304
212337,11262
212337,56714
212337,59822
212337,61542
212397,11262
212430,1304
212430,1370
212430,1372
212430,10652
212430,10808
212430,11262
212430,16358
212430,30500
212430,33886
212430,35732
212430,35846
212430,48574
212430,56484
212430,56696
212430,56714
212430,59822
212430,60978
212430,61364
212430,61542
212430,61552
212430,61672
212430,62170
212430,62376
212430,62378
212430,63188
212430,63510
212448,1304
212448,11262
212448,30500
212448,33886
212448,35732
212448,44302
212448,48574
212448,49888
212448,56484
212448,56696
212448,56714
212448,59822
212448,60978
212448,61542
212448,62376
212448,62378
212448,63510
212478,11262
212586,1304
212586,1370
212586,11262
212586,56714
212586,59822
212586,61364
212586,61542
212586,62170
212586,62376
212586,63188
212637,11262
212688,11262
212721,124
212721,1304
212721,1370
212721,1372
212721,10652
212721,10808
212721,11262
212721,16358
212721,30500
212721,33886
212721,35732
212721,44302
212721,48574
212721,49888
212721,50270
212721,50274
212721,54096
212721,55798
212721,56484
212721,56696
212721,56714
212721,59396
212721,59822
212721,60978
212721,61364
212721,61542
212721,61672
212721,62170
212721,62274
212721,62376
212721,62378
212721,62618
212721,63188
212721,63510
212745,1370
212745,11262
212745,62376
213885,1370
213885,10652
213885,11262
213885,30500
213885,33886
213885,35732
213885,44302
213885,49888
213885,50270
213885,55798
213885,56484
213885,56696
213885,56714
213885,59396
213885,60978
213885,61672
213885,62274
213885,62376
213885,62618
213885,63510
214506,11262
214968,1304
214968,11262
214968,56714
214968,59822
214968,62376
215112,11262
215112,30500
215112,33886
215112,56484
215112,56714
216033,1370
216033,11262
216033,62376
216108,1304
216108,1370
216108,10652
216108,11262
216108,30500
216108,33886
216108,35732
216108,48574
216108,56484
216108,56696
216108,56714
216108,59822
216108,60978
216108,61542
216108,61672
216108,62376
216108,62378
216108,63510
216309,11262
216309,56714
216564,36720
216564,36722
216564,36762
216564,50274
216564,56714
216822,11262
217494,1304
217494,1370
217494,11262
217494,59822
217494,62376
217872,11262
218265,1304
218265,1370
218265,11262
218265,35732
218265,56696
218265,56714
218265,59822
218265,61542
218265,62376
219420,11262
219450,1304
219450,1370
219450,11262
219450,16358
219450,30500
219450,33886
219450,56484
219450,56714
219450,59822
219450,61542
219450,62376
219456,1304
219456,11262
219456,56714
219456,59822
219456,61542
220011,1370
220011,11262
220011,62376
220218,11262
220218,62376
220302,1304
220302,11262
220302,56484
220302,56696
220302,56714
220302,59822
220302,61542
220713,1304
220713,1370
220713,11262
220713,30500
220713,33886
220713,35732
220713,48574
220713,56484
220713,56696
220713,56714
220713,59822
220713,60978
220713,61542
220713,61672
220713,62376
220713,62378
220713,63510
221151,1304
221151,11262
221151,56714
221151,59822
221151,61542
222438,1304
222438,1370
222438,10652
222438,11262
222438,30500
222438,33886
222438,35732
222438,56484
222438,56696
222438,56714
222438,59822
222438,61542
222438,61672
222438,62376
222621,1370
222621,11262
222894,1304
222894,1370
222894,11262
222894,56696
222894,56714
222894,59822
222894,61542
222894,62376
223104,1304
223104,1370
223104,11262
223104,30500
223104,33886
223104,56484
223104,56714
223104,59822
223104,61542
223104,62376
223518,11262
224169,1304
224169,1370
224169,1372
224169,10652
224169,10808
224169,11262
224169,30500
224169,33886
224169,35732
224169,44302
224169,48574
224169,49888
224169,56484
224169,56696
224169,56714
224169,59822
224169,60978
224169,61364
224169,61542
224169,61672
224169,62170
224169,62376
224169,62378
224169,63188
224169,63510
224211,1370
224211,11262
224211,56714
224280,11262
224526,1304
224526,1370
224526,1372
224526,10652
224526,10808
224526,11262
224526,30500
224526,33886
224526,48574
224526,56484
224526,56714
224526,59822
224526,61364
224526,61542
224526,61672
224526,62170
224526,62376
224526,62378
224526,63188
224631,1304
224631,1370
224631,11262
224631,56714
224631,59822
224631,61542
224631,62376
224787,11262
224787,56714
224874,1370
224874,11262
224874,48574
224874,56714
224874,62376
224874,62378
225012,11262
225351,1370
225351,11262
225351,56714
225351,62376
225396,1370
225396,11262
225396,62376
225669,1304
225669,1370
225669,11262
225669,30500
225669,33886
225669,35732
225669,56484
225669,56696
225669,56714
225669,59822
225669,61542
225669,62376
225672,1370
225672,11262
225672,56714
225672,62376
226827,11262
226848,11262
227223,1370
227223,11262
227223,62376
227238,1370
227238,62376
227292,1304
227292,1370
227292,11262
227292,30500
227292,33886
227292,35732
227292,48574
227292,56484
227292,56696
227292,56714
227292,59822
227292,60978
227292,61364
227292,61542
227292,61672
227292,62376
227292,62378
227292,63510
227310,1304
227310,1370
227310,11262
227310,30500
227310,33886
227310,48574
227310,56484
227310,56714
227310,59822
227310,60978
227310,61542
227310,62376
227310,62378
227310,63510
227469,1304
227469,1370
227469,1372
227469,10652
227469,10808
227469,11262
227469,30500
227469,33886
227469,35732
227469,48574
227469,56484
227469,56696
227469,56714
227469,59822
227469,60978
227469,61364
227469,61542
227469,61672
227469,62170
227469,62376
227469,62378
227469,63188
227469,63510
227616,1304
227616,1372
227616,10808
227616,11262
227616,30500
227616,33886
227616,35732
227616,35846
227616,48574
227616,56484
227616,56696
227616,56714
227616,59822
227616,60978
227616,61364
227616,61542
227616,61552
227616,62170
227616,62376
227616,62378
227616,63188
227664,56714
227973,1370
227973,11262
227973,56714
227973,62376
227988,1304
227988,1370
227988,11262
227988,30500
227988,33886
227988,35732
227988,56484
227988,56696
227988,56714
227988,59822
227988,61542
227988,62376
228060,1304
228060,1370
228060,11262
228060,30500
228060,33886
228060,35732
228060,48574
228060,56484
228060,56696
228060,56714
228060,59822
228060,60978
228060,61542
228060,62376
228060,62378
228060,63510
228315,11262
228729,1304
228729,1370
228729,10652
228729,11262
228729,30500
228729,33886
228729,35732
228729,48574
228729,56484
228729,56696
228729,56714
228729,59822
228729,60978
228729,61542
228729,61672
228729,62376
228729,62378
228729,63510
228948,1304
228948,11262
228948,56714
228948,59822
228948,61542
229536,11262
229620,1304
229620,11262
229620,30500
229620,33886
229620,56484
229620,56714
229620,59822
229620,61542
229737,1304
229737,1370
229737,11262
229737,56714
229737,59822
229737,61542
229737,62376
230073,1304
230073,1370
230073,10652
230073,11262
230073,30500
230073,33886
230073,35732
230073,48574
230073,56484
230073,56696
230073,56714
230073,59822
230073,60978
230073,61542
230073,61672
230073,62170
230073,62376
230073,62378
230073,63188
230073,63510
230178,1304
230178,1370
230178,1372
230178,10652
230178,10808
230178,11262
230178,35732
230178,48574
230178,56696
230178,56714
230178,59822
230178,61364
230178,61542
230178,61672
230178,62170
230178,62376
230178,62378
230178,63188
231102,1304
231102,1370
231102,11262
231102,30500
231102,33886
231102,35732
231102,48574
231102,56484
231102,56696
231102,56714
231102,59822
231102,61364
231102,61542
231102,62376
231282,11262
231282,56714
231459,11262
231876,1304
231876,1370
231876,11262
231876,30500
231876,33886
231876,35732
231876,56484
231876,56696
231876,56714
231876,59822
231876,61542
231876,62376
232029,1304
232029,1370
232029,11262
232029,30500
232029,33886
232029,48574
232029,56484
232029,56714
232029,59822
232029,61542
232029,62376
232029,62378
232035,1304
232035,1370
232035,11262
232035,30500
232035,33886
232035,35732
232035,48574
232035,56484
232035,56696
232035,56714
232035,59822
232035,60978
232035,61542
232035,62376
232035,62378
232035,63510
232266,60
232269,1304
232269,1370
232269,11262
232269,30500
232269,33886
232269,35732
232269,44302
232269,48574
232269,49888
232269,56484
232269,56696
232269,56714
232269,59822
232269,60978
232269,61542
232269,62376
232269,62378
232269,63510
232452,11262
232455,1304
232455,1370
232455,10652
232455,11262
232455,16358
232455,30500
232455,33886
232455,35732
232455,48574
232455,56484
232455,56696
232455,56714
232455,59822
232455,60978
232455,61542
232455,61672
232455,62376
232455,62378
232455,63510
232827,1304
232827,1370
232827,11262
232827,30500
232827,33886
232827,35732
232827,48574
232827,56484
232827,56696
232827,56714
232827,59822
232827,61542
232827,62376
232827,62378
233163,11262
233961,11262
233970,1304
233970,1370
233970,10652
233970,11262
233970,30500
233970,33886
233970,35732
233970,56484
233970,56696
233970,56714
233970,59822
233970,61542
233970,61672
233970,62376
234018,1304
234018,1370
234018,11262
234018,30500
234018,33886
234018,35732
234018,56484
234018,56696
234018,56714
234018,59822
234018,61542
234018,62376
234021,1304
234021,1370
234021,11262
234021,30500
234021,33886
234021,35732
234021,56484
234021,56696
234021,56714
234021,59822
234021,60978
234021,61542
234021,62376
234021,63510
234156,1304
234156,1370
234156,11262
234156,56484
234156,56714
234156,59822
234156,61542
234156,62376
234864,1370
234864,11262
234864,56714
234864,62376
234972,1304
234972,1370
234972,11262
234972,30500
234972,33886
234972,35732
234972,56484
234972,56696
234972,56714
234972,59822
234972,61542
234972,62376
235932,1304
235932,1370
235932,11262
235932,30500
235932,33886
235932,35732
235932,56484
235932,56696
235932,56714
235932,59822
235932,61542
235932,62376
236115,1304
236115,1370
236115,10652
236115,11262
236115,30500
236115,33886
236115,35732
236115,48574
236115,56484
236115,56696
236115,56714
236115,59822
236115,60978
236115,61542
236115,61672
236115,62376
236115,62378
236115,63510
236655,1304
236655,1370
236655,1372
236655,10652
236655,10808
236655,11262
236655,30500
236655,33886
236655,35732
236655,48574
236655,56484
236655,56696
236655,56714
236655,59822
236655,60978
236655,61364
236655,61542
236655,61672
236655,62170
236655,62376
236655,62378
236655,63188
236655,63510
237195,1304
237195,1370
237195,11262
237195,56714
237195,59822
237195,61542
237195,62376
237300,1304
237300,1370
237300,11262
237300,30500
237300,33886
237300,35732
237300,48574
237300,56484
237300,56696
237300,56714
237300,59822
237300,60978
237300,61542
237300,62376
237300,62378
237300,63510
237804,1304
237804,1370
237804,1372
237804,10808
237804,11262
237804,35732
237804,56714
237804,59822
237804,61364
237804,61542
237804,62170
237804,62376
237804,62378
237804,63188
238218,11262
238218,56714
238263,1304
238263,11262
238263,56714
238263,59822
238263,61542
238377,1304
238377,1370
238377,11262
238377,30500
238377,33886
238377,48574
238377,56484
238377,56696
238377,56714
238377,59822
238377,60978
238377,61542
238377,62376
238377,62378
238377,63510
238608,1304
238608,1370
238608,11262
238608,56714
238608,59822
238608,61542
238608,62376
238689,1304
238689,11262
238689,56714
238689,59822
238689,61542
238878,1304
238878,1370
238878,1372
238878,10652
238878,10808
238878,11262
238878,48574
238878,56714
238878,59822
238878,60978
238878,61364
238878,61542
238878,61672
238878,62170
238878,62376
238878,62378
238878,63188
238878,63510
239247,1304
239247,1370
239247,11262
239247,30500
239247,33886
239247,35732
239247,56484
239247,56696
239247,56714
239247,59822
239247,61542
239247,62376
239508,11262
239556,1304
239556,1370
239556,10652
239556,11262
239556,30500
239556,33886
239556,35732
239556,44302
239556,48574
239556,49888
239556,56484
239556,56696
239556,56714
239556,59822
239556,60978
239556,61542
239556,61672
239556,62376
239556,62378
239556,63510
240852,11262
240912,1370
240912,11262
240912,62376
241218,56714
241263,11262
241329,11262
241389,1304
241389,1370
241389,11262
241389,30500
241389,33886
241389,35732
241389,56484
241389,56714
241389,59822
241389,61542
241389,62376
241824,1304
241824,1370
241824,11262
241824,30500
241824,33886
241824,35732
241824,48574
241824,56484
241824,56696
241824,56714
241824,59822
241824,61542
241824,62376
241824,62378
241824,63510
242505,1304
242505,11262
242505,59822
242505,61542
243081,1370
243081,11262
243081,56714
243081,62376
243408,1304
243408,1370
243408,11262
243408,56714
243408,59822
243408,61542
243408,62376
243789,11262
243789,56714
243927,1304
243927,1370
243927,10652
243927,11262
243927,30500
243927,33886
243927,35732
243927,48574
243927,56484
243927,56696
243927,56714
243927,59822
243927,60978
243927,61542
243927,61672
243927,62376
243927,62378
243927,63510
244380,11262
244380,30500
244380,33886
244380,56484
244380,56714
244404,1370
244404,11262
244404,56714
244404,62376
244446,11262
244866,1370
244866,62376
244878,1304
244878,11262
244878,56714
244878,59822
244878,61542
244971,11262
244971,50274
244971,56714
245154,11262
245826,11262
245976,11262
246099,11262
246099,56714
246216,11262
246720,1370
246720,11262
246720,56714
246720,62376
246963,1304
246963,1370
246963,1372
246963,11262
246963,30500
246963,33886
246963,35732
246963,44302
246963,48574
246963,49888
246963,56484
246963,56696
246963,56714
246963,59822
246963,60978
246963,61364
246963,61542
246963,62376
246963,62378
246963,63188
246963,63510
247374,11262
247374,62376
247548,11262
247878,11262
247962,11262
247962,56714
248064,11262
248202,11262
248202,56714
248550,1370
248550,62376
249513,11262
249567,1370
249567,11262
249930,11262
250221,11262
250221,56484
250221,56714
250275,11262
250284,56714
250629,11262
250947,11262
250947,56714
251085,11262
251106,11262
251169,11262
251202,11262
251391,56714
251493,11262
251631,11262
251631,56714
251967,11262
251967,56714
252396,11262
252405,1370
252774,11262
253053,1370
253053,11262
253053,62376
253335,1370
253335,62376
